title,price
"Blue Oversize Extra Long Chunky Scarf, Unisex Winter Hand Knitted Shawl, Women Blanket Scarf, Soft Ribbed Shoulder Wrap, Christmas Gift",39.97
1.5 Inch Wide Brown Leather Suspenders / Work Suspenders / Handmade Top Grain Leather Suspenders / Durable Suspenders / Best Men Suspenders,135.15
"Personalized Text Embroidered Unisex Baseball Cap, Adjustable Hat, Custom Text Hat, Custom Unisex Dad Hat",8.99
"The Maple, Moss and Mangrove: Pocket Square Set, autumnal Pocket Square set, Men’s handkerchiefs",33.78
Maska Kałamarnicy Z Regulowanym Paskiem Maska Cosplay,38.05
"Personalised Spotify Keychain, Scannable Music Keychain, Personalised Gift, Keychain Engraved, Valentine's Day Gift, Personalised Keyring",9.10
"Personalized Initial Heart Keychain Set,Initials Matching keychains for her/ Friend/Couple ,Personalisation Couple Boyfriend Girlfriend Gift",8.43
"Classic Dad Cap, Casual Summer Hat, Gift for Dads, Everyday Fashion, Unisex Cap, Outdoor Adventures, Relaxed Style",24.75
Checked Brown branded designer vintage classic branded winter scarf scarves unisex perfect Christmas occasion gift present with a gift box,51.98
C.P. COMPANY Beanie Hat ( Double Goggle Lens Version ),51.98
"Custom Groomsmen Gifts, Groomsmen Proposal, Gold Plated Initial Cufflinks, Wedding Gift, Cufflinks for Groom, Father, Best Man Proposal",8.70
"Personalised Keychain, Engraved Name Keychain, Valentine's Day Gift, Personalised Gift, Engraved Keyfob, Drive Safe Keychain, Keychain Gift",14.29
Pattern DANMARK buckethat/ Opskrift DANMARKS bøllehat,5.83
Personalised Bar Keychain Engraved Keyring Personalised Bar Keyring gift Drive Safe Keychain Personalised Valentine's Gift Keyring,7.28
custom patches setup fee non refundable,40.00
Personalised Country Keychain Two Home Keyring State Keychain Long Distance Relationship Gift Personalised Necklace Valentine's Day Gift,5.91
Floret Scarf - Book Inspired - Soft Cotton Blend | Cobalt Blue and White | Floral Design | Booklover Birthday Gift | All Season,22.40
Hat: He Still Does Miracles,43.00
Custom EMBROIDERED Pet Hat Using Pet Photo Personalized Dog Hat Custom Cat Hat Custom Pet Cap Dog Hat Custom Dog Baseball Cap Dog Mom Hat,14.50
"Happy Camper Leather Keychain, Camping Key chain, Camper Gift, RV Gifts, RV Keychain, Travel Trailer Retro Camper Key, Airstream Gift",2.12
Personalised Spotify Keychain Music Scannable Keyring Personalised Gift Music Gift Keychain Customised Keyring Valentine's Day Gift,6.37
Custom Embroidered Dad Cap Washed Dad Hat Unstructured Gym Cap Bachelor Party Bachelorette Party Gift business merch 24031801,9.90
"Vintage Stylish Anti-Blue Light Frames, With Silver Detailing, For Both Men And Women. Size",99.99
Leather Desk Mat Matte Black 126 x 56 cm,159.99
"Personalised turtle keychain,turtle keyring,Personalised Gift,travel turtle bag charm,good luck charm Mom's gift,sea turtle lover gift ideas",5.85
Regulus Keychain,11.68
"Octopus mask - square, triangle, circle with adjustable strap.",37.79
Personalized Dummy Clip with Crocheted Animal | Custom Baby Name Pacifier Clip,11.05
Vintage lace collar with bow & cuff and brooch set | Embroidered lace Peter Pan collar and cuff,203.85
"Natural agate multi-colour pendant, Mini spoon set,Mini perfume bottle, Perfume vial spoon,Keychain Pendant",19.65
Beanie Hat Template,2.99
"Personalized Embroidered Unisex Cap With Your Text For BestMan Gift,Custom Hand Embroidered Monogram Caps Gift For Her,Business Party Gift",9.16
Back Shot Pro Trucker Hat | Funny Fishing Hat For Couples Husband Cap,14.99
Football Large Sequin Patch Applique,22.50
"Personalized Engraved Fishing Lure, Custom Lure, father's day gift,  fisherman Gift for Dad Uncle husband ,Fishing gift, Fishing Gifts",0.99
Genuine leather suspenders men brown suspenders Wedding Suspenders Mens Suspenders Groomsmen Suspenders Rustic Suspenders Rustic Wedding,29.99
Custom Couple Keychain Personalized Gift For Boyfriend Girlfriend Matching Keychains Anniversary Gifts for Boyfriend Valentine's Day Gifts,9.99
Custom Spotify Code Keyring | Personalized Music Gift | Scan to Play Song or Playlist | Unique Gift for Music Lovers | Laser Engraved,4.55
Express Veil Making and Delivery,29.75
Easy Rib Smitten and Fingerless Glove crochet pattern BUNDLE,5.20
"AirTag Leather Case, Personalized AirTag Holder, Christmas Gifts, Leather AirTag Holder, Custom, AirTag Keychain, Leather Keychain",4.99
Upgrade - Please select option,1.30
BigBang G-Dragon hottest fashion handmade keychains/Figures,25.37
100% Merino Wool Handknit Sophie Scarf | Small Knitted Scarf | Handmade Gift | Knitted Neck Scarf | Small Skinny Neckerchief,39.09
Knitting Pattern - Kneecap Balaclava,16.31
Mega Valentine's Day Clipart Bundle - Romantic Digital Art Pack for Crafts & Gifts,12.99
Pattern crochet Silma bucket hat/ Opskrift hæklet Silma opskrift,5.83
Genuine Burberry wool scarf in an excellent condition Beige colour Short  size Length 140cm,84.46
"Your Spotify Playlist on a Scannable CD & Clear-case Keychain, NFC Phone Tap-To-Play, Gift a Playlist, Personalized Image/Link, Apple Music",12.99
"Sweater Knit Wool Hooded Winter Balaclava Hat, Winter Hood Scarf, Chunky Cowl Hood, Extra Warm",38.50
Biodegradable Scrunchies Set of 3 / 100% Organic Cotton & Natural Sustainable Rubber / Black / Charcoal Grey / Olive Green,11.99
"Florist Tool Belt, Garden Tool Belt, Farm Belt, Floral Tool Belt, Florist Tool Bag, LEFT Right HAND Gardener Tools Bag, Florist Gift",119.99
PRE-ORDER | Franco's Spilt Milk Keychain | Outlast Trials | Franco Barbi,14.00
Bmw Schlüsselanhänger mit BMW Logo in schwarz,21.69
Dark leopard removable collar,21.74
Spotify Code Keyring | Personalised Music Keyring | Custom Music Song Keyring | Personalised Keychain | Engraved Keychain,4.54
expedited delivery fee,30.00
"Custom Name Hair Claw Clip,Personalized Hair Decoration,Custom Name Hair Accessory,Anniversary Gift,Wedding,Bride Gift,Bridesmaid,Wife,Woman",24.46
"Personalized Groomsmen Cufflinks, Custom Initial Cufflinks for Groomsmen, Groomsmen Gifts, Groomsmen Proposal, Best Man Gift, Bachelor Party",6.48
"Personalized Pacifier Clip, Custom Dummy Clip, Pacifier Holder, Soother Clip, Binky Clip, Baby Shower Gift, Baby Gift, Newborn Gift",3.56
Cowl crochet tutorial,14.13
"Fruit keychain, charm keychain, resin fruit, luxury gold bag charm, keychain wallet charm, women's bag accessories, gifts for her",9.90
Tobey Maguire Spider-Man Life Size Wearable Mask Sam Raimi Spider-Man Customized /Handcrafted spiderman mask,117.66
Cult of the Lamb Narilamb Shaker Keychain COTL,20.00
Wildflower Scarf - Book Inspired - Soft Cotton Blend | Green Accessory | Earthy Floral Design | All Season Fashion | Trendy | Stylish,22.40
Personalized Pinky Promise Stainless Steel Keychain Set - Custom Friendship Keychain - Custom Pinky Swear Charm,26.00
"Custom Fabric Photo Patch, Tie Patch - Father's Day Gift, Father of the Bride, Weddings, Groomsmen, Missionary Gift, Peel & Stick",17.00
"Single Hat or Bulk Order, Custom Embroidery on Hats, 258 Richardson Performance with Rope Hats, Rope Hats, Snapback Hats",15.72
Regulus Keychain,11.68
HIDDEN DISABILITIES sunflower printed neck strap lanyard 20mm,5.19
Resin Finish Hello My Name Is Rainbow Name Badge Reel Student Nurse Doctor Midwife Hospital NHS Practitioner Nursery school preschool,6.43
"Our First Home Couples Keyring, Personalised House Warming Key Chain, Set of 2  Moving House Gift, New Home Keyrings, His & Hers Homeowner",7.78
Mega Valentine's Day Clipart Bundle - Romantic Digital Art Pack for Crafts & Gifts,12.99
"New collection 2020! Reading glasses, matte black, green or blue frame. +1.50 +2.00 +2.50 +3.00 +3.50",9.24
"Personalized Pacifier Clip, Custom Dummy Clip, Pacifier Holder, Soother Clip, Binky Clip, Baby Shower Gift, Baby Gift, Newborn Gift",3.56
Personalised Double Boxing Glove Keyring Engraving Boxer Coach Gift Jewellery Father's Day,9.73
"Engraved Pet Portrait Keychain, Personalized Dog and Cat Memorial Tag, Stainless Steel Custom Sketch Keyring, Great Gift for Pet Owners",10.75
Cowl knitting tutorial,14.13
"Pram Hammock, Toddler Carrier",90.96
"Custom Name Embroidered Name Patch Badge, Your Inscription Iron On Patch, Hoop Loop Patch",5.44
"Personalized CuffLinks, Initials CuffLinks, Groomsmen gift, Groom Wedding CuffLinks, initials cuff links,Valentines day Gift,Father day gift",21.99
Personalized Leather Round Keychain | with Keyring Attached | Key Fob with Initials/Name |  New Driver | Valentine's Day Gift,13.00
Real Rex Rabbit Fur Bow Keychain Pendant & Plush Bag Accessory - 9 Color,11.87
"Fluffy Pom-Pom Faux Fur Winter Beanie – Soft and Warm Knit Hat for Women, Trendy gift Cold-Weather Fashion Accessory, Stylish  Cozy Design",44.65
"Personalized Cufflinks Box, Engraved Wooden Cuff links Box, Anniversary Gift for Husband, Christmas Gift, Wedding Gift, Cufflinks for Men",10.99
NESSA BARRETT inspired tour bow FASTSHIPPING bff birthday gift,12.98
"Puffer Jacket Repair | Self-Adhesive, Pre-Cut Patches, Soft, Waterproof, Tear-Resistant Rip-Stop Nylon Fabric (11 Pieces)",10.82
Personalised Two Homes Disc Keychain | Custom Country Keyring | Special Location | Favourite Place,25.99
BigBang G-Dragon hottest fashion handmade keychains/Figures,25.37
Jeff The Landshark Game Keychain Gift Best Friends Keychains Superheroes Funny Keychains Matching Keychains Keyrings Couple Keychain Set,4.99
"Personalized Hair Claw, Hair Clips, Hair Barrettes, diamont Hair Claw, Hair accessories, Custom name Hair clips,Hair Claw,Pink Princess Gift",12.60
"Vintage Stylish Anti-Blue Light Frames, With Silver Detailing, For Both Men And Women. Size",99.99
PREORDER* The 118 Phone Charms,9.78
Genuine leather suspenders men brown suspenders Wedding Suspenders Mens Suspenders Groomsmen Suspenders Rustic Suspenders Rustic Wedding,29.99
Chilli Heeler Cute Keychain Gift Best Friends Keychains Blue Heeler Kawaii Keychains Matching Keychains Lover Keyring Couple Keychain Set,4.99
"Custom Pet Portrait Cufflinks, Customizable for 2 pets，Personalized Memorial Cuff Links, Father of the bride on Wedding Day, Gift For my Him",13.65
"Custom Keychain with Photo, Heart Locket Keychain,  Picture Locket Keychain, Couple Gift, Photo Locket Key Chain,Valentines Day Gift Jewelry",24.94
Distressed Dad Hat,17.50
"Black Women Wool Fiddler Hat S - XXL size , Women Newsboy Cap, Cabbie Hat, Sailor Captain Hat, Skipper Officer Hat, Yachtsman Fisherman Cap",29.99
"Personalized Scannable Spotify keychain, Custom Song Keychain, Music Lover Gift, Engraved Leather Keychain, Anniversary Gift, Gift for Mom",2.00
Upgrade - Please select option,1.30
"Personalized Metal Cufflinks, Tie Clip & Rectangle Gift Box - Wedding Day Cuff links Groom Fiance, Birthday Anniversary Gift for Husband",18.18
Tie band Perfect Fit Reversible Satin Hair bonnet - Protecting Hairstyle Night Sleep Headscarf for Women in Olive | Hair Accessories.,16.88
Gladiator II Badges - Emperors Geta and Caracalla,5.00
Canada Is Not For Sale Hat Embroidered Hat for Men for Women Dad Cap Adjustable Strap Unisex Baseball Hat,40.87
"Oval Handmade Vespa Italian Leather Key chain, Keyring, Made in Italy 12 - Colours PX GS150 GTS Super 125, GTS 300,",13.20
Mesh Fabric Fursuit Eyes DIY Kit [Optional Plastic],2.99
"100% Mulberry Silk Sleep Bonnets,  Luxury 22MM Silk Hair Turban, Women Wraps, Sleep Cap for Hair Care",27.16
CeylonTea Shawl crochet pattern,7.07
Cardboard Sci-fi troop or pilot helmet Template. DIY Printable Pattern for creating Sci-fi tactical helmet from corrugated cardboard,6.00
"Actual photo keyring, from any photo. DOG, CAT, HUMANS",15.59
Micro Smoke Machine v3 (Costronica Pocket Smoke v3),35.82
Pre-folded POCKET SQUARE White 2 Point Wing Style - Just slip in pocket,22.00
"YOU CHOOSE | Solid Color Elastic Hair Ties, Bulk Wholesale Assorted Solid Color Hair Ties, Pick Your Colors Creaseless Elastic Hair Ties",3.37
"Custom Embroidered Patch. Free Shipping, Custom Made, For Parties & Events. Business Logo Patches",2.00
Handmade Brown Carved Wood & Leather Glass Case  Victorian Floral Pattern  Travel Glass Case  Gifts for Him,20.00
Sims Plumbob - Unisex Carnival Costume | Theme Party | Headdress | Cosplay Accessory,27.17
Cult of the Lamb Narilamb Shaker Keychain COTL,20.00
Embroidered Hat Personalized Dad Cap Embroidery Logo baseball hat Bachelorette hats Custom caps Sorority hat Unisex Baseball Cap,9.90
Scarlet Witch Crown Gradient Red (Wanda Maximoff) - From Multiverse of Madness,31.96
"Pocket Hug - Little Pocket Hug, Dog, Heart, Bear. Gift for a loved one, Friendship Gift, Thoughtfulness Gift, Tough Times Ahead Gift",6.53
"Unique Bulk Bandanas Set of 10 Organic Cotton Bandana Bandana Scarf, Paisley Design Scarf, Vibrant Color, High-Quality",25.64
Cardboard Knight helmet Template. DIY Printable Pattern for creating Articulated close helmet from corrugated cardboard,6.00
"Mercedes Benz, AMG Black Star, Double Sided Key Ring / Key Chain - Perfect Gift & Accessory for Mercedes Enthusiasts - Gift Box Optional",15.58
"Personalization pet cufflinks, personalized souvenir cufflinks,engraved gift boxes available, custom cufflinks gift for groom on wedding day",13.65
Palestine Keffiyeh Kufiya Scarf (48*48)- Free Palestine Traditional Shemagh with Tassels Arafat Hatta Arab Style Headscarf for Men and Women,19.13
Knitting Pattern - Kneecap Balaclava,16.31
Stainless Steel KeychainDrive ustom Engraved Key Chain Personalized Gifts for Her Best Friend Gifts Birthday Gift Boyfriend Christmas Gift,4.02
"Sea shell hair clip handmade , custom wedding clip gift, Mermaid Seashell Clip, Bridesmaids' Gifts , Gift for her, Handcrafted for daughter",5.00
Custom Social Worker Stainless Steel Keychain - Funny Profession Keyring - Social Worker Christmas Gift,14.30
"Basic Essential 100% Wool Beanie, Merino Wool Beanie, Unisex Beanie, Holiday Gift",28.50
"Personalized Projection Photo Keychain, Custom Pet Photo Projection Keychain, Paw Pendant Memorial Keychain, Picture Keyring, Birthday Gift",24.68
"Meditation scarf , Large om scarf , yoga head wraps , vinayasa scarf , kundalini headwraps , prayer scarf , 100% cotton , om sarong",10.00
"DIGITAL DOWNLOAD Cable headband PATTERN knitted, black earwarmer, easy knit pattern headband, earwarmer pattern, beginner knitting headband",1.61
"Customizable Film Photo Keychain with Music Code ,Personalize with 5-15 Photos,Camera Roll Gift,Gift for Boyfriend, Family , Memory Gift",12.80
"Custom Name Hair Claw Clip,Personalized Hair Decoration,Custom Name Hair Accessory,Anniversary Gift,Wedding,Bride Gift,Bridesmaid,Wife,Woman",24.46
Resin Finish Hello My Name Is Daisy Name Badge Reel Student Nurse Doctor Midwife Hospital NHS Practitioner Nursery school preschool 76x32mm,6.43
Mayu Keychain,11.68
Crocheted Beanie - POHLA,21.74
Personalized Name Cufflinks - Customized Cufflinks - Groom Wedding Cufflinks - Groomsmen gift - Initials Cufflinks - Sterling Cufflinks,37.05
"Palestine Watermelon Enamel Pin Badge Palestine Support Fundraiser Palestine Lapel Gaza Pin, Palestine Jewelery",5.67
"Father of the Bride Gift, Personalized Cufflinks, Engraved gift box available，dad, of all the walks  we’ve  taken, Modern Wedding Cuff links",13.65
"Custom Name Hair Clips, Hair Claw, Custom Hair Comb",19.80
Cult of the Lamb Leshy Shaker Keychain CotL,20.00
Cute Otter Embroidered Vintage Corduroy Cap Sustainable Gift for Otter Lovers,29.62
Personalized Music Photo Keychain / Custom Music Photo Keyring  | Customizable Photo Gift for Him/Her | Memory Keepsake Key Ring. Christmas,9.99
"Custom Pet Portrait Keychain Valentines Gift for Kids Personalized Dog or Cat Memorial Gift, Affordable gift for Her",17.50
"Thin CuffLinks, Initials Cufflinks, Personalized CuffLink,Groomsmen gift, Cufflink, Cufflink For Wedding,Valentines day Gift,Father day gift",21.99
David Lynch director cap,24.69
"Satin Bonnet with Adjustable Stretch Ties for All Hair Types | Comfortable Sleep Cap for Natural, Curly, Coily, Wavy, and Straight Hair",17.24
"Baby Carrier, Toddler Sling, Organic Cotton, Infant, Baby Shower, Cozy Gifts for New Mom, Hip Carrier, Ease to Use",28.08
PREORDER Regretevator Epoxy Phone Charms,10.50
Engraved Pet Portrait Keychain Dog Photo Keyring Personalized Dog Mom Memorial Keychains Customized Cat Keepsake Gift Pet Lover Tag Pet Loss,9.90
Personalized Cufflinks Groomsmen Gifts Metal Cuff Links With Wooden Box Wedding Day Cuff links Gift Bachelor Party Gift For Husband,6.33
Palestine Watermelon Enamel Pin Set Flag Enamel Pins Arab Muslim Palestine Support Gaza Keffiyeh Memorial Lapel Pin Backpack Pins Set,0.99
"Father of the bride gift, Father's Day gift, personalized Wedding Day cufflinks, Custom Father of the Groom Gift, Gifts from Bride",10.01
Leather Belt Loops,4.55
Audi key ring,14.12
"AirTag Leather Case, Personalized AirTag Holder, Christmas Gifts, Leather AirTag Holder, Custom, AirTag Keychain, Leather Keychain",4.99
"Ski helmet balaclava mask, helmet mask, ski helmet protector, Crochet Balaclava, Ski Balaclava, Custom Balaclava, teddy balaclava",69.58
Sunflower Furry Flower Hair Claw Clip – Handmade Fall Fur Floral Hair Claw – Autumn Fur Sunflower Hair Clips – Ms. Peppers Closet,20.35
"Cute Heart Iron-On Patch | 2.5 x 1.8 Inch Embroidered Patch | Adorable Smiley Heart for Jackets, Bags, and Accessories",5.51
"14k Gold Initial Cufflinks , Custom Groomsmen Gifts , Groom Cufflinks , Groomsmen Proposal , Wedding Gift  Cufflinks for Groom,Best Man Gift",100.60
Baseball Bag Tags | Personalized Bag Tags | Custom Keychains | Sports Bag Tags | Bag Tags Baseball | Acrylic Bag Tags | Team Player Gifts,6.00
1990 Casey Jones MOVING 2.5” Enamel Pin!,24.00
"Adjustable  Satin Hair bonnet，Reversible Satin Bonnet for Sleep, Silk Satin Bonnet for Curly Hair and Natural Hair, Hair Bonnet for Women",13.53
"Sliver Pet Portrait Keychain,Personalized Pet Dog Memorial Keyring,Engraved Photo keychain,Custom Lover Gift,Pet Memorial Gift,Dog Keychain",17.19
100% Merino Wool Handknit Sophie Scarf | Small Knitted Scarf | Handmade Gift | Knitted Neck Scarf | Small Skinny Neckerchief,39.09
Br0ken Colors Keychains - Ramus,15.00
"Personalized Cufflinks, Groomsmen Gifts, Custom Engraved Wedding Day Cufflinks, Grooms men Proposal, Bachelor Party Gift For Husband",10.92
BamBonn Curly Hair Wrap,17.87
"Custom Symbol Cufflinks,Wedding Logo Cufflinks,Personalized Wedding Cufflinks,Groom Wedding Cufflinks,Groom Wedding Gift,Engraved CuffLinks",41.95
"Puffer Down Jacket Repair | Self-Adhesive, Pre-Cut Patches, Soft, Waterproof, Tear-Resistant Rip-Stop Nylon Fabric (11 Pieces)",10.82
Green Tractor Farmer Farming Design Cufflinks in Personalised Cufflink Box,23.38
"Embroidered Patches Special For You ,Custom Patch Order ,  Personalized Embroidery Patches - Customized Logo - Iron-On/Sew On Velcro Options",10.22
"Personalized Mens Leather Keychain with Photo,Metal Tag Photo Keychain,Engraved key chain,Christmas Gifts for Dad,Anniversary Gifts for Him",12.80
Women belt leather belt full cowhide jeans belt with antique brass buckle width 4cm,49.00
"Anatomical Heart Pocket Square. Tiny Human Hearts, men's handkerchief. Cardiologist, heart doctor, valentine gift for him, med student gift",21.00
"Personalized charm keychains, pendant keychains, bag charms, charm bag charms, personalized keychains, car keychains, wallet accessories",9.95
"Star Belt Buckle, Western Belt Buckle, Unisex Belt Buckle, Silver Celestial Belt Buckle, Silver Belt Buckle, Large Belt Buckle, 1Pcs, ZS210",28.50
MoroccanMintTea Shawl crochet pattern,7.07
Umbilical Hernia Support Belt 6 or 8 inches wide Abdominal & Ribs Binder Navel Truss Breathable Pre and Post surgery NHS UK,18.18
Simple Cardboard superhero base form mask Template. DIY Printable Pattern for creating superhero base mask from corrugated cardboard,5.00
"Custom Embroidered Patch. Free Shipping, Custom Made, For Parties & Events. Business Logo Patches",2.00
Custom Rhinestone Name Hair Claw Clips,13.50
Knitting Pattern - Sleeve Scarf Sweater Wrap - Instant Download PDF,5.99
PRE-ORDER | Franco's Spilt Milk Keychain | Outlast Trials | Franco Barbi,14.00
"Custom Baby Pacifier Clip, Newborn Soother Chain, Personalized Silicone Pacifier Clip, Handmade Baby Name Party Baptism Holder, Shower Gift",4.73
Stone island patch Standard + 2 buttons,14.13
"Currently out of stock, due to return Februrary 29!!! Cute Sparkly Anatomical Brain Keychain",10.87
"Ivory cotton handkerchief, Embroidered handkerchief, Custom hanky, Personalised handkerchiefs, Memorable handkerchief",8.82
"Personalized Long Distance Keychain,Leaving Home Gift for Family, Friends,Keychain for Long Distance Couples,Long Distance Relationship Gift",8.97
Women belt leather belt full cowhide jeans belt with antique brass buckle width 4cm,49.00
"Anatomical Heart Pocket Square. Tiny Human Hearts, men's handkerchief. Cardiologist, heart doctor, valentine gift for him, med student gift",21.00
"Star Belt Buckle, Western Belt Buckle, Unisex Belt Buckle, Silver Celestial Belt Buckle, Silver Belt Buckle, Large Belt Buckle, 1Pcs, ZS210",28.50
"Big Bow Baby Headband, Large Bow Girls Head Wrap, Infant Bow, Baby Girl Hair Bows, Toddler Bows, Nylon Cable Knit Bow Headband EVA",5.98
Express Veil Making and Delivery,29.75
Custom Music Song Keyring | Spotify Code Keyring | Personalised Keyring | Personalised Keychain | Engraved Keychain | Gold Silver Black Key,3.09
10ss RHINESTONE Beanie Hat Template,3.99
Bmw Schlüsselanhänger mit BMW Logo in schwarz,21.69
"3D Fairy Mini Figure Keychain, Personalized Backpack Accessory, Superhero Custom Keychain, Keychain Accessories, Keychain Charm For Him/Her",10.00
Easy Rib Smitten pattern. Couples mitten to hold hands in the cold. SMITTEN PATTERN ONLY,3.25
"Dark MAGA Trump 2024 Cap, Blackout MAGA Hat, Pro-Trump Black Cap, Embroidered MAGA Black Trump Hat, Patriotic Conservative Gift",15.49
"Set of 8 Turquoise colour Indian cotton Bandana Scarf,Foulard,Neckerchief,Necktie Face Mask,Hijab,Hand Made Gift for Mom,Dad,Wife,Husband,Gf",32.00
Crochet Hat - Pattern,3.25
personalized silicone pacifier clip HEART lotus FLOWERS - beige white - personalized gift for baby - French creations first name,19.46
"Nuno felted shawl, online class, video tutorial",89.00
Self-Adhesive Down Jacket Repair Patches for Down Jackets or Sleeping Bags - First Aid for Down Jackets,15.53
"CUSTOM Embroidered Patch - Up To 11"" - Iron/Sew-on/Hook - Personalized Business Logo - Your Design for Gifts Art Projects Bags Hats Clothing",21.00
Embroidered Hat Personalized Dad Cap Embroidery Logo baseball hat Bachelorette hats Custom caps Sorority hat Unisex Baseball Cap,9.90
"Personalized charm keychains, pendant keychains, bag charms, charm bag charms, personalized keychains, car keychains, wallet accessories",9.95
"Father Cuff Links, Groom Wedding Cuff Links, Personalized Cuff Links, Initials Cuff Links, Groomsmen gifts , Cuff links, initials cuff links",21.99
"Chemo Headwear Jersey Hat with Hairband for Hair Loss, Chemo Headwraps as Breast Cancer Gifts or a Comfortable Alternative To A Wig",10.40
Embroidered IFC Beanie,47.00
Simple Cardboard Ninja Helmet  Template. DIY Printable Pattern for creating Tactical Ninja Base Helmet  from corrugated cardboard,5.00
RHINESTONE Beanie Hat Template,3.99
NEW Cobra Kai's Sekai Taikai Captain's Head Tie  - Check it Out !,19.48
"Initials Matching Keychains for her/ Friend/Couple, Custom Initial Heart Keychain Set, Valentine's Day Gift, Best Friends Gift,Birthday Gift",4.92
Mechanical Prosthetic Thumb STL - Custom 3D Print File for DIY Projects - Functional Thumb Replacement Design (Digital File),15.00
"Custom Metal Cufflinks - Engraved Box Optional, Wedding Day Cuff links for Groom Dad Father of the Bride gift, Anniversary Gift for Husband",13.65
LapsangTea Shawl crochet pattern,7.07
The Ribby Balaclava Crochet Pattern (Digital Balaclava Hood Crochet Pattern),6.50
Maeve Fronni | Baby Headbands - Set of 2 | Babygirl Outfits | Baby Photoprop | Newborn Photoshoot Accessories | Soft Natural Fabrics,32.62
CH Style Y2K Pants dice Keychain Biker Motorcycle Bag/Purse Clip Chrome Silver minimalist unisex for men and women,34.99
Floral wedding headpiece. Silver bridal headband. Crystal bridal hair vine. Wedding hair jewelry. Wedding hair piece SLtiar0002s12,18.75
"Saint Archangel Michael Religious Cufflinks, Guardian Angel Medal, Christian Jewelry, Memorial, Engraved Cufflinks, Catholic Cufflinks",126.00
"Custom Leather Patch TRUCKER Hats, Laser engraved logo on leather patch hat for your business or personalized logo",29.99
"Womens Leather Travel Bag, Travel Tote with Trolley Sleeve, Trolley Bag, Leather Travel Tote, Leather Tote with Trolley Sleeve, Travel Bag",114.50
Swirly Celtic Scarf - Multicolour Football Scarf,32.62
"Set of 2 New Home Keyrings, Couples First Home Keyring Set, Personalised New House Gift, His Hers Keyring Set Personalised Home, First House",5.85
Resin Finish Green Hello My Name Is White Name Badge Various Sizes Available NHS Staff Registered Nurse Doctor Student Midwife White/Black,6.43
DNA - Hair Claw,20.00
"Toddler Hip Carrier, Winter Gift for New Mom, Velvet Cotton, Hold up to 20 kg, Light and Compact & Safety Tested",35.28
JasmineTea Shawl crochet pattern,7.07
Personalised Keyring This Nanny Grandad Mummy Daddy Belongs To Keychain Stainless Steel Keyring Father's Day Mother's Day Engraved,9.90
"Home Sweet Home Couples Keyring, Personalised House Warming Key Chain, Set of 2  Moving House Gift, New Home Keyrings, His & Hers Homeowner",7.78
Womens Luxury Genuine Sheepskin Hand Stitched Sheepskin Mittens with Roll Up Roll Down Cuffs Wool Out Detail Shearling Lining Tan Lambland,38.45
25th Chapter Anniversary Memorabilia Scarf Celebrate Okinawa,25.00
Dark Moss Army Green Handknit Sophie Scarf V2 | Small Knitted Scarf | Handmade Gift | Green Knitted Neck Scarf | Gift for Bridesmaid,34.49
"Original Kufiya from Palestine | classic | Kuffeyeh, Kufiya, Hatta | handmade in Nablus",41.86
Overstimulated - Corduroy Cap,33.00
"Personalised keychain, engraved flower keyring name keyring, custom keyring, Leather Keyring, Bag Tags, New home gift, Birthday Gift for her",4.50
"Personalized Tags, Diaper Bag Keychain, Booksack Tag, Backpack Label, Leather Key chain, Personalized Name for Bags, Luggage Tag, Engraved",2.12
"Personalized Leather ID Card Holder with Retractable Reel, Custom Leather Badge Holder - Mother's or Father's Day Gift Idea",30.00
"PATTERN: Crochet Key Case,Knitted Key Holder PATTEN ,Handmadet Key Ring,Knitted Key Cover PATTERN",3.50
"Baby First Hair Clips, Baby Hair Clips, Fully Lined Clips, Baby Fringe Clips, Tiny Hair Clips, Toddler Clips, Gentle Clips, Hair Clip Set",14.28
NALA LION KING,6.10
"Custom Order Flower Keychain,Boho Keychain, Handmade Keychain, Vintage Gifts for Girl, Vintage Handmade Gifts",48.00
Nova Limited Edition Keychain,11.68
Canada Is Not For Sale Hat Pride Rally Independence Bold Statement Canadian Flag Cap Casual Wear Canada Cap Patriotic Statement Gift Present,22.00
expedited delivery fee,30.00
"Insulin pump belt for Medtronic Minimed, Tandem t:slim X2, Ypsopump, Dana RS, Accu Check Combo, and many more. Dia-Bellyband",30.98
Concho El Coqui Hat Debi tirar mas fotos Embroidered Adjustable Cap baseball,28.49
"High Quality Loopies Magnetic Reading Glasses ""Easy to Find, Hard to Lose"" JET Black",25.93
Reversible pure mulberry silk bonnet /Silk 22 Momme,40.22
"Personalised Soon to be Mrs (Your Name) hen party veil - bride, bridal - heart print",11.44
Set of 3 flower bridal hair pins. Wedding Hair Pins. Pearl Hair Pins. Bridal Hairpins. Hair Pins for Wedding SLpin2159s,18.75
"Personalized Tags, Diaper Bag Keychain, Booksack Tag, Backpack Label, Leather Key chain, Personalized Name for Bags, Luggage Tag, Engraved",2.12
"Monogram Cufflinks, Personalized CuffLinks, Initials CuffLink, Groomsmen gift, Groom Wedding CuffLink, Valentine's Day Gift,Fathers Day Gift",19.99
Recycled Scrunchie,11.00
Cathedral Wedding veil Lace wedding veil Lace trim bridal veil 2 tires Fingertip double tiers Veil Catholic Wedding Veil Long bridal veil,87.12
Shadow Hedgehog Game Keychain Gift Best Friends Keychains Game Hedgehog Funny Keychains Matching Keychains Lover Keyring Couple Keychain Set,4.99
"Personalized Valentines Lover 5-40 Photo Film Roll Keychain, Personalized Creative Wooden Camera Film Photo, Retro Film Souvenir",15.00
Cardboard Greek Helmet Base Template. DIY Printable Pattern for creating Ancient Greece or Spartan Helmet from corrugated cardboard,7.00
"Personalized Cufflinks, Custom Cufflinks for Groom Cufflink, Wedding Day Gift, Father's Day gift, Grooms man Gifts, Anniversary Gift for Men",10.01
Br0ken Colors Keychain - Stalker/Damon,15.00
"Papercraft DIY Anubis mask, paper 3d Anubis mask, Anubis Template, SVG Anubis mask, 3D Egyptian god mask, low poly paper mask, origami mask",6.00
"Engraved Stainless Steel Rectangle Keychain,Personalized Keychain,Couple Gift,Drive Safe I Love You,Custom Be Safe Keychain for Men/Women",5.02
"Special Order,",65.23
"Driving Test Gift, New Driver Keyring, You passed, Driving Test Passed, New Driver Gift Card, First Car Gift, Just Passed Card",4.67
Hen Party Personalised Face Masks,11.42
Personalized Puzzle key chain with Names Couples key chain Puzzle jewelry Anniversary gift Boyfriend Gift Valentine's day Gift for her,6.99
"Personalized charm keychain, pendant keychain, initial pendant, charm bag charm, personalized keychain, car keychain, birthday gift",9.95
"Crochet Black Balaclava,  Granny Square Balaclava, Rainbow Crochet Balaclava, Crochet Balaclava Hat, Oversize Balaclava, Knitted Balaclava",43.75
"Personalized Leather Keychain, Coordinates Keychain, Where it All Began, 3 year Anniversary Gift, Mens gift, Mothers Day gift",1.94
"Set of 10 Indian cotton Bandana Scarf,Foulard,Neckerchief,Necktie Face Mask,Hijab,Hand Made Gift for Mom,Dad,Wife,Husband,Gf,Bf",40.00
Hand Block Printed Beach Sarong for Women beach scarves in cotton Beach Wrap Pareo Beach Swim wear gift for her Beach Cover Ups Indian lungi,22.50
"Trump MAGA Cap Red - Trump 45 47 Cap, Make America Great Again Hat, Trump Support Cap, Political Campaign Hat, Red Trump Hat",15.49
"Bungou Stray Dogs 2.25""/58mm Pins",5.00
Danmark bøllehat,5.10
Adjustable 19 Momme mulberry silk bonnet /Adjustable irreversible bonnet with silk headband,29.34
"Dark MAGA Trump 2024 Cap, Blackout MAGA Hat, Pro-Trump Black Cap, Embroidered MAGA Black Trump Hat, Patriotic Conservative Gift",15.49
Laundry Day Crew neck sweatshirt,25.00
Cult of the Lamb LOVE TENT [18+] COTL keychain shaker,18.00
"Cozy Toddler hip Carrier, Up to 20kg, Easy to Use, Lovely Gift for Baby Showers, Comfortable & Safe",30.87
Canada Is Not For Sale Hat - Canadian Flag - 1867 - Multiple Colours and Camouflague Options - Dad Fit - Adjustable Embroidered Cap,31.32
"Custom NAME TAG,Personalized Embroidered PATCH, for your Ghostbusters uniform /Iron on/Sew on/ 12cm x 4.5cm,1.75Hx5W",6.43
New Avali Keychain,11.68
Personalized Name Cufflinks - Customized Cufflinks - Groom Wedding Cufflinks - Groomsmen gift - Initials Cufflinks - Sterling Cufflinks,37.05
Solid Cotton head scarf bandana pre-tied headcover,16.50
Everything is Fine Raven Iron-On Patch | Humorous Crow Embroidered Patch | 2.25 x 3.5 inches,7.54
"Ivory Linen Scarf - Lightweight, Soft, Breathable | Unisex Stonewashed Linen Scarf for Women and Men | Versatile Accessory for Any Occasion",26.71
"personalized silicone pacifier clip FLOWERS - Old pink, pink and beige - personalized gift for baby - pacifier clip with first name",16.20
"Personalised Hen Party Veil, Veil And Sash Set, Custom Bride To Be Gift, Future Mrs, Bachelorette, Bridal Shower, Ireland, Irish",10.87
NO MORE KNOTS! Night cap for hair protection,29.25
"Personalized Pacifier Clip With Engraved Baby Name,Custom Soother Holder,Baby Shower Gift Set,Cute Pacifier Chain,Newborn Birth Keepsake",4.99
Leather Desk Mat Matte Black 126 x 56 cm,159.99
"Fruit keychain, charm keychain, resin fruit, luxury gold bag charm, keychain wallet charm, women's bag accessories, gifts for her",9.90
"Bmw M Schlüsselanhänger mit Bmw M-Logo. High Quality Bmw M Keychain, Bmw m-Logo",31.52
Chemo Hat Soft Comfortable Alternative to Wig Headwear Beanie Turban Cotton Cap Easy to Wear Alopecia Hair Loss,13.00
"Puffer Jacket Repair (NAVY BLUE) | Self-Adhesive, Pre-Cut Patches, Soft, Waterproof, Tear-Resistant Rip-Stop Nylon Fabric (11 Pieces)",10.82
Transformers One Glitter Acrylic Keychains,9.00
Stoma Belt Ostomy Support Belt Hernia Support Colostomy Belt Hernia Urostomy ileostomy Belt for Women and Men,77.96
"Personalized Initial Heart Keychain Set, Matching Keychain, Heart Building Block Keychain with Letter Charms, Clamp Building Block BFF Gift",9.99
"Embroidered Golden Doodle Hat, cavapoo dad hat, doodle gift, retro y2k aesthetic girlie gift, gift for her, wife birthday gift, cockapoo hat",26.09
Ear Muffs,48.21
"Leather Belt, Classic Brown Casual HANDCRAFTED 100% FULL GRAIN Leather Belt Made in Canada. Gift for him, Gift for boyfriend, Gift for Dad",46.57
Cartier Panther Frame Clear/Gold Sunglasses Rimless Vintage,159.99
Assassin's Joseph Lynch Hidden Blade Real Alloy - Assassin's Movie Blade,189.00
Cosplay Led-eyes (10 mm leds),16.25
Handmade Sonny Angel Keychains with Fairy Wings and Outfit,48.00
Astro Bot Funny Keychain Gift Best Friends Keychains Robot Games Cute Keychain Matching Keychains Backpack Keychain Couple Keychain Set,4.99
"Puffer Jacket Repair (TRANSPARENT) | Self-Adhesive, Pre-Cut Patches, Soft, Waterproof, Tear-Resistant Rip-Stop Nylon Fabric (11 Pieces)",10.82
Dog photo keychain • Pet keychain • Pet memorial • Custom dog keychain • Dog memorial gift • Valentines day • Gifts for her • Gifts for him,28.70
"Luxury Custom Cufflinks, Personalized Custom Cufflinks, Luxury Initials Cuff Links,Groom Wedding CuffLinks, Valentines Day Gift,Fathers Gift",55.49
The Moment You Became My Daddy Keychain First Dad New Dad Keychain Valentine's Day Personalised Gift Baby Shower Gift Father's Day Gifts,5.00
Personalized Name Cufflinks - Customized Cufflinks - Groom Wedding Cufflinks - Groomsmen gift - Initials Cufflinks - Sterling Cufflinks,37.05
"Personalized Pacifier Clip, Baby shower Gift, Custom Soother Clip, Newborn Gift, Baby Binky Clip, Custom Dummy clip, Baby Pacifier Holder",3.68
"Buffalo Leather Belt 1.75"" width (44.5 mm) NO BUCKLE Snap On Customizable Belt Strap for Your Buckle, Men's DIY, Leather Belt Without Buckle",36.00
Handmade Sonny Angel Keychains with Fairy Wings and Outfit,50.00
"Thin CuffLinks, Initials Cufflinks, Personalized Cuff Links, Groomsmen gifts, Groom Wedding Cufflinks, Valentine's Day Gift,Fathers Day Gift",19.99
Octopus Iron-On Patch | Cool Embroidered Patch | 3.5 x 3 inches,5.18
Overstimulated - Corduroy Cap,33.00
Nylon Field Trip™ Snapback Hat,16.00
Simple Samurai helmet with mask cardboard craft template DIY plan,6.00
Red 100% Merino Wool Handknit Sophie Scarf | Small Knitted Scarf | Handmade Gift | Knitted Neck Scarf | Small Skinny Neckerchief,40.24
Cochlear implant headband - Geniebands sports style,18.27
"Actual photo keyring, engraved from any clear image.",15.59
FAST PASS - Jump to the front of the queue - Ready in 1 business day,6.50
"Toucan Corduroy Hat, Handmade Embroidered Corduroy Dad Cap - Soft - Durable - Unisex Gifts - Multiple Colours",34.24
"Personalized Initial Heart Keychain Set,Initials Matching keychains for her/ Friend/Couple , Couple Boyfriend Girlfriend,  Gift",9.99
"Puffer Jacket Repair (BLACK) | Self-Adhesive, Pre-Cut Patches, Soft, Waterproof, Tear-Resistant Rip-Stop Nylon Fabric (11 Pieces)",10.82
"Engraved Stainless Steel Rectangle Keychain,Personalized Keychain,Couple Gift,Drive Safe I Love You,Custom Be Safe Keychain for Men/Women",2.50
Startime Keychain set,28.00
Shipping Link,5.00
"Baby hip carrier, Toddler sling, Gift for new mom, Organic Cotton, Hold up 20 kg, Easy to use, Lightweight, Comfortable, Safety tested",30.87
"14K Gold Multiple Initial Cufflinks , Custom Groomsmen Gifts , Valentine's Day Gift ,  Gold Initial Cufflinks , Gift for Men , Wedding Gifts",98.38
Wallet Chain for Men . Keyring Chain thick Chunky Chain Two Side Lobster Clasps Mens Accessories Boyfriend Gift For Him,24.46
"Personalized Groomsmen Cufflinks, Custom Initial Cufflinks for Groomsmen, Groomsmen Gifts, Groomsmen Proposal, Best Man Gift, Bachelor Party",6.48
Silk Bonnet Set | Pure Silk Hair Cap | Red Silk Sleep Cap | Damage Free Hair | Comfortable Tie Silk Bonnet | Healthy Hair Silk Bonnet,31.27
Cochlear Implant Headband - Ear Suspenders - Adjustable Sizing - Silicone lined - Non Slip Grip - for all ages and activities.,18.50
CH Style Y2K Pants Keychain Biker Motorcycle Bag/Purse Clip Chrome Silver Wallet Chain,23.99
Astro Bot Cute Keychain Gift Best Friends Keychains Robot Games Kawaii Keychains Matching Keychains Backpack Keychain Couple Keychain Set,4.99
Nardoragon Keychain,11.68
USA Soccer Hat Minimalist Design,28.00
"Custom PVC Patch, Mold Fee, Custom Rubber Patch,",180.00
"DIY Tabi mittens Hand arm warmer, easy PATTERN for hand knitting, fingerless gloves, Easy Knitting Instructions, Beginner Knit Guide",7.99
Off-White Keychain Lanyard Wristlet Zip Tag NEW,15.99
Inanimate Insanity OJ Acrylic Charm,15.00
Egyptian Blue Handknit Sophie Scarf V2 | Small Knitted Scarf | Handmade Gift Blue Scarf | Light Blue Knitted Neck Scarf | Shades of Blue,34.49
"Love Crown, Queen of Heart Crown, Red Heart Crown, Gold Crown, Homecoming Queen Crown, Valentine Crown, Quinceanera Crown, Gift of Love",41.24
Snorlax Anime Keychain Gift Best Friends Keychains Cute Monster Funny Keychains Matching Keychains Backpack Keychain Couple Keychain Set,4.99
Pashmina Scarf Shawl Oversize Rainbow Scarf Fall Winter Women Fashion Accessories Boho Ombre Scarf Holiday Christmas Gifts For Her For Women,32.50
BioKidd Natural Face Body Paint Makeup Washable Cream Kit for Sensitive Skin - Face Painting Set for Kids - 10 Colours + 2 Brushes,27.07
Long Beach Trucker Hat (Navy),35.99
Colter Adventure Co. Stargazer glow in the dark bandana,14.00
Taidum Keychain,11.68
"Toddler hip carrier, cotton, green, light and easy to Use, comfy, hold up to 20 kg, safety tested, allergen free, gift for baby shower",30.87
Penguin eyeglasses holder Glasses holder Eyeglass holder Glasses stand Eyeglass Desk organizer Desk accessory Gift for her Christmas gifts,26.71
"Palestine Kaffiyeh Scarf, Palestine Shemagh, Palestine Cotton Kaffiyeh, Palestine Fundraiser Support, Traditional Black And White Scarf",19.27
"Personalized Father of the Groom Cufflinks, Father of the Groom Gift for Wedding, Proud to be your son cufflinks,  Father of the Groom",13.65
"Custom Sweat Wristbands, Your Text, Image, Design and Logo Printed (DTF) Wristbands ( A pair of 2 each)",9.50
PREORDER Green Swirly Celtic Scarf - Football Scarf,32.62
Burberry Women's Shawl/Scarf,126.82
"Toddler sling carrier - Cotton, Hold up to 20 kg, Light and compact, Baby shower gift  for new mom",30.87
Customizable Eyeglasses Holder Nose Guard Glasses Suspension for Rhinoplasty Septoplasty and Broken Nose Recovery Support Nose Protector,19.90
Camo Mesh Back Hat with Kildare Island Surfboard Co. Embroidered Logo – Outdoor Adventure Style,50.99
Charles Leclerc F1 Karting Gloves 2019 Carlos Sains Sim Racing Gloves,48.73
"Big Bow Baby Headband, Large Bow Girls Head Wrap, Infant Bow, Baby Girl Hair Bows, Toddler Bows, Nylon Cable Knit Bow Headband EVA",5.98
"Super Lucky Cat Acrylic Keychain, Maneki Neko Keychain, Strong Lucky Cat Keychain, Kawaii Keychain, Muscle Cat Keychain, Strong Arm Cat",12.00
Nautical trucker hats | Boat hats | Nautical Party Hats | Captain Hats,20.00
"Black cover up velvet shawl for wedding guests, formal events and party dresses",47.25
PREORDER Djo Inspired I DO IT button badge pin,4.00
Gaza Palestine Enamel Pin Set Flag Enamel Pins Arab Muslim Palestine Support Gaza Keffiyeh Memorial Lapel Pin Backpack Pins Set,0.99
"Personalized Ultrasound Keychain,Bump Photo keyring,Dad to Be Gift for Husband,Pregnancy Announcement,Christmas Gift for New Mommy/Daddy",8.40
"Stitch Valentine’s Day Ramo Buchon, Eternal Rose Bouquet, Plush Toy Bouquet, Handmade Bouquet, Ever Lasting Flower, Birthday Bouquet",55.00
Satin Diffuser Cap for Curly Hair - Anti-Frizz and Even Drying Cap for Salon-Quality Results at Home,21.74
"Baby Toddler Carrier, Organic Cotton Sling, Infant, Baby Shower, Cozy Gifts for New Mom, Hip Carrier, Ease to Use",28.08
DISCOUNTED B Grade BL Keychain Charms / B Grade Yaoi Keychains,4.00
Women s Vintage vibe Oval Sunglasses leopard clear Eyewear Retro,15.66
Shrinking Oui Embroidered Corduroy Cap - Vibrant French-Inspired Statement Hat,36.39
Royal Enfield round key ring / fob.,10.33
"Crochet bear hat with ear flaps, 9 sizes written pattern, pdf download, bear hat pattern, written pattern, pdf pattern, hat with bear ears",6.52
Pin Badge Club - 1 Month Subscription (non recurring),16.89
Give Me Space Cat Astronaut Iron-On Patch | Embroidered Space Patch | 2.42 x 3 inches,7.54
Beautiful Butterfly Scarf - Book Inspired - Soft Cotton Blend | Red Blue and Gold | Cute Design | Booklover Birthday Gift | All Season Wrap,22.40
Personalised Spotify Keychain Music Scannable Keyring Personalised Gift Music Gift Keychain Customised Keyring Valentine's Day Gift,6.37
"Pronoun Pinback Button - he/him, she/her, they/them, she/they, he/they",5.00
"Wooden cufflinks personalized with initials and date engraving, gift for groom, black with wood walnut, cherry, oak",24.85
"Elphaba hat / Witch Black Hat , Wicked Elphaba inspired Hand made Hat",97.00
"Custom Keychains | Personalized Double-Sided Jet Tag | Motorcycle Keychain | Any Text or Logo | 20 Color Options | Gift Him-Men, Dad-Husband",9.99
"Custom Initial Heart Keychain Set, Personalized Couple Matching Keychains for Him and Her,Perfect Anniversary or Valentine's Day Gift",8.69
Express Delivery,10.00
Personalised Sublimation printed # hello my name is... name badge Rainbows - Half Rainbows,5.85
"photo keychain, cat keychain, cotton, custom keychain based on photo, gift for pet lovers, cat keychain, Valentine's Day gift, birthday gift",9.41
"Original Kufiya from Palestine | classic with Tatreez | Kuffeyeh, Kufiya, Hatta | handmade in Nablus",46.21
"Original Kufiya from Palestine | colored | Kuffeyeh, Kufiya, Hatta | handmade in Nablus",41.86
"Personalized magnetic nurse pouch for pen, caregiver pouch, flower pouch, hospital accessory",16.31
PREORDER - Eggy San Plush,24.99
Canada Is Not For Sale Baseball Cap Canada Pride Hat Canadian Gift Idea Doug Ford Hat Maple Leaf Pride Canada Souvenir Political Statement,19.75
Elastic golden beige straw effect belt with boho wooden buckle,16.20
Dog photo keychain • Pet keychain • Pet memorial • Custom dog keychain • Dog memorial gift • Valentines day • Gifts for her • Gifts for him,28.70
"Monthly Milestone Cards Watercolor Bow, Stork, Bunny Baby Set of 12 Months on Handmade Paper or Cardstock Pink | Blue | Yellow | Green",25.00
Long Beach Trucker Hat (Black),36.99
"Repair Patches for Down Jackets, Puffer Coats, Waterproof, Self-Adhesive, Pre-Cut, Tear-Cold-Heat-Resistant, Polyester Fabric (11 Pieces)",15.53
Starlight Express 2.5” acrylic charms double sided *new characters,12.00
"Personalized Brother of the bride gift, Custom Wedding Day Cufflinks, Engraved Gift Box Optional, Sweet Message for Bride Gift from Bride",13.65
custom order for Allison Yawn,330.00
Mexican rebozo TUPIDO • white base and fringe • 100% cotton • handmade in Oaxaca,29.04
Custom Name Patch - Top Gun Style / Fighter Pilot,7.15
"Bmw keychain with Bmw logo. Bmw leather keychain, Bmw logo.",21.73
retractable  syringe ( stunt syringe) Great for film prop,57.00
Доставка ПО ВСЕМУ МИРУ,12.37
"Music Lover Gift,Leather Spotify Keychain,Fathers Day Gift,Customized Music Code Keychain,Engraved Leather Key Chain,Wedding Day Gift",4.80
Butchers Deli Provision Pins Ticket Label Card Display Holders in 3 Sizes,3.31
"Cashmere Wool Cotton Yarn Blend Scarf, Triangle Scarf, Wool Small Scarf, Winter Bandana, Hand Knit Scarf, Cozy Neck Scarf, Christmas Gift",27.55
"Set of 5 Organic Indian cotton Bandana Scarf,Foulard,Neckerchief,Necktie Face Mask,Hijab,Hand Made Gift for Mom,Dad,Wife,Husband,Gf,Bf",22.00
Personalised name keychain bag tag name tag colourful name key chain personalised party favours,3.26
Personalized Stainless Steel Silver Keychain - Customizable Engraved Key Holder,14.95
"Scrub Cap for Men, Fishing Lures Surgical Hat, Fish Nautical Tie Back Unisex Surgery Hats",16.95
"Toddler Carrier, Baby Hip Sling, Organic Cotton, Light, Easy to Use and Comfy, Holds to 20 kg, Tested for Safety, Stylish Baby Shower Gift",35.28
Set of 2 hair pins 12cm Made in France,13.05
"Stitch Valentine’s Day Ramo Buchon, Glitter Eternal Rose Bouquet, Handmade Fake Flower Bouquet, Ever Lasting Flower, Birthday Bouquet",55.00
Wild Robot Funny Keychain Gift Best Friends Keychains Robot Movie Cute Keychain Matching Keychains Backpack Keychain Couple Keychain Set,4.99
"Leopard Baby Sling, Toddler Hip Carrier, Organic Cotton, Stylish Gift, Light, Easy to Use, Safety tested, Light and Compact",35.28
Tartan Scarf HENDERSON MODERN Clan Scarf Black Scarf Plain Patterned Tartan Scarf Winter Scarves,23.38
"Cashmere Silk Lined Women's Pom Pom hat, Winter Windproof beanie, Great for thick, Curly, Frizz-free hair, Gift for her",45.48
"Customized Saffiano Leather AirTag, Personalized AirTag Case Keychain, Monogram Initials, Apple AirTag Case Keychain, Apple AirTag Case",17.27
mini figure couple matching keychain Valentine’s Day gift keychain set,15.71
"ATSV Wolfguel and Kittyguel (2"" Acrylic Charm)",8.00
Fully Lined Chemo Hat Soft Comfortable Alternative to Wig. Bamboo Cap Easy to Wear For Women With Alopecia or Hair Loss,37.69
Comfort Plus Ostomy Belt - Black,40.23
5-20 Photos Custom Film Roll Keychain Gift - Personalized Photos Film Roll for Couples or Anniversary Gift!,11.08
Berry Sweet: Headwrap Bow | Baby Headband | Pink Strawberry Knit | Slip-on Style | Baby & Toddler Bow | Hand-tied Bow,15.00
Gambler Hat | The RANCHER | Taupe Brown Fur Felt Wide Brim Hat Men Women |  Fur Felt Western Hats,260.93
Apres Ski Pom-Pom Beanie | Embroidered Apres Ski Beanie | Ski Beanie | Winter Beanie,26.00
"custom embroidery patches , Custom logo Patches , Custom Iron On Patches ,Custom VELCRO Hook & Loop Patches ,Custom Sew on Patches",1.00
Kame House House Keychain - Digital Laser File - 2 Versions with and without Writing,4.02
"Personalized Cufflinks, Custom Cufflinks for Groom Cufflink, Wedding Day Gift, Grooms man Gifts, Father's Day gift, Gift for Husband",13.65
Custom Printed Promotional Personalised Golf Umbrella Personalised with Your Logo - Black,37.67
"Shimmering silver fascinator with diamante. On a clip, comb or Alice band",46.13
Kids Pit Viper Eyewear | Outdoor Sport Running Cycling Sunglasses | UV400 Goggles for Children | Youth/Adult Glasses | Gift for Boys Girls,19.57
Crochet Mittens - Pattern,5.20
"Unisex Peruvian Alpaca Hat chullo with Earflaps 100% Lining, Soft Fleece Lining Beanie hat, alpaca chullo peruvian hat, peru hat, alpaca hat",34.79
PSS Paper Street Shades Tyler Durden Fight Club NEW Oliver Peoples 523 Brad Pitt red costume cosplay gothic rose metal sunglasses,39.99
"Custom Dog Bag Charm, Handbag Charm, Purse Charm, Cute Dog Plush Keychain, Custom Dog Gift, Custom Pet Portrait, Birthday Gift, Gift For Her",59.90
Jersey Keychain Initials Personalized | Keyring | Name Tag,4.89
"Pair of replacement buttons for Babyzen yoyo, yoyo 2 and connect stroller handlebars, White, Pink or Blue color in reinforced material.",7.07
"Custom logo leather patch trucker hat, trucker hat, Yupoong, patch trucker hat, Richardson 112, Engraved leather patch hat, bulk, wholesale",10.72
"Watercolor clovers, rib, floral, twist headband, nurse headband, adult turban, headbands for women, cute headband, stretchy, chunky, boho",5.00
Personalised Spotify Keychain Music Scannable Keyring Personalised Gift Music Gift Keychain Customised Keyring Valentine's Day Gift,6.37
"Personalized Dad Patch Hat, Dad Birthday Gift, New Dad Gift, Gift For Husband, Trucker Hat, Leather Patch Hat, Custom Hat, New Dad Present",13.23
"Blackout MAGA Hat, Dark MAGA Trump 2024 Cap, Pro-Trump Black Cap, Embroidered MAGA Black Trump Hat, Patriotic Conservative Gift",15.49
I Broken Heart LA Unisex Crew neck sweatshirt,45.00
PREORDER | Limbus Company Valentine's Keychains,13.00
Wingman,50.00
"Wedding guest lapel pin, engraved heart brooch, guests boutonnieres, custom name tag, wedding guest favors",66.99
vintage assorted color beanies,35.99
"Personalized name cufflinks, custom groom's cufflinks, men's monogram cufflinks, gifts for dad, wedding groomsmen gifts",16.85
FCB - Fc Basel Sticker,10.35
"Queen of Heart Crown, Valentine Crown, Heart Crown, Gold Crown, Homecoming Queen Crown, Princess Crown, Quinceanera Crown, LOVE Crown Gift",44.99
Children's milk tooth box with personalized color engraving,26.09
New Year New Stock Mystery Clearance Sale!,15.00
personalized silicone pacifier clip LION - Light brown beige wood - personalized gift for baby - French creations first name,17.29
"Japanese Frog Bandana - Book Inspired 24"" Natural Cotton | Cute Hair Scarf | Wall Tapestry | Patterned |  Book | Neckerchief | Large | Red",12.80
"Embroidered Golden Doodle Hat, cavapoo dad hat, doodle gift, retro y2k aesthetic girlie gift, gift for her, wife birthday gift, cockapoo hat",26.09
"Paisley in Navy Women's Scarf, a fabulous explosion of multicolored fun pattern! Perfect little square a delightful bohemian flair Wild Rag",25.99
Personalised name keychain bag tag name tag colourful name key chain personalised party favours,3.26
Emergency express delivery,25.00
"Black Herringbone Wool 8 Panels Cap, Peaky Blinders Hat, Baker Boy Hat, Irish flat cap, Christmas Gift, Hatsquare Newsboy Cap, Men Scarf Set",32.49
Navy SEAL BRAVO Team Unit Emblem Embroidered Flexfit Structured Twill Cap,29.00
Bandit Heeler Funny Keychain Gift Best Friends Keychains Blue Heeler Cute Keychain Matching Keychains Lover Keyring Couple Keychain Set,4.99
Coca Cola Drink Fancy Embroidered Patch Badge Sew / Iron On For Jacket Jeans Bags Transfer,3.50
"Toddler baby hip sling carrier - Cotton, Hold up to 20 kg, Light and compact, Baby shower gift  for new mom, indigo",30.87
Mouse Lenses Black on Black,35.00
Credit Suisse Risk Management Dept. Dad Hat | Funny,27.89
"Personalized DND Cufflinks, D20 Cufflinks for DND Game Lovers, Dungeons and Dragons, DND Gift, Groomsmen Gifts, Wedding Gifts, Gifts for Him",38.99
PREMIUM Sauna Hat Natural Wool 100% Wool Design Your Own Sauna Hat Personalize Embroidered Felt Hat,21.73
Chaos Orb replica 3D printed| Path of Exile 2 inspired | Gaming room decor | Cosplay | Gift for fans,32.49
"Stole, wool shawl and very comfortable to wear, very soft scarf. Gift idea",16.31
Elastic golden beige straw effect belt with boho wooden buckle,16.20
"CHOOSE COLOR Circuit Board Bottle Opener Keychain, Computer Key Fob, Geek Beer Drinker Gift, Nerdy Housewarming Gift, Stocking Stuffer",35.00
Apres Ski Pom-Pom Beanie | Embroidered Apres Ski Beanie | Ski Beanie | Winter Beanie,26.00
Music Note - Instant peel-off design for music lovers,3.25
"Attache tétine enfant, bébé, personnalisé, double gaze de coton, coeur, MAM",14.02
Blue Heeler Cute Keychain Gift Best Friends Keychains Blue Heeler Dog Kawaii Keychains Matching Keychains Lover Keyring Couple Keychain Set,4.99
"Personalized Full Grain Genuine Leather Strap for Sunglasses,Leather Sunglass Strap,Sunglass retainer,Leather eyewear retainer",19.80
Dive Headband - Sea Turtles,9.95
XL Adult Pacifier - Customize your own - ABDL,60.00
The Moment You Became My Daddy Keyring First Dad New Dad Keychain New Mummy Keychain Personalised Gift Baby Shower Gift Father's Day Gift,12.92
Custom Embroidery Key Tag Free Shipping |Custom Keychain | Sports Team Keychain | Custom Key Tag | Custom Luggage Tag,14.38
Green | Palestine Keffiyeh | Keffiyeh With 2 Side Tassels | Cultural Fashion Scarves | Palestine Style Desert Shemagh | 110cm x 110cm Scarf,81.87
Farosty Made You Look Allahu Akbar OFFICIAL [MAGA] Dad Hat - Signature Edition,30.00
Add a floral stitch,4.94
personalized silicone pacifier clip - Beige and light brown - personalized baby gift - personalized pacifier clip - first name,18.37
Shipping rose gold marquise crown for Kallie,34.00
"Custom Dog Bag Charm, Handbag Charm, Purse Charm, Cute Dog Plush Keychain, Custom Dog Gift, Custom Pet Portrait, Birthday Gift, Gift For Her",59.90
Embroidered Hat Personalized Dad Cap Embroidery Logo baseball hat Bachelorette hats Custom caps Sorority hat Unisex Baseball Cap Custom hat,9.90
Extra Large Face Mask for Men / XL Mask / 100% Cotton / Reusable Washable / Face Covering / Unisex / Two Layer / Breathable / Solid Red,11.99
Cuntry-Country-Camo-Vintage-Washed-Trucker Hat-Unstructured,21.24
Lehman Brothers Risk Management Hat | Lehman Brothers Risk Management 2008 Dad hat | Finance Meme Hat | Lehman Cap | Stonk Gift,32.59
Hand-painted Pet Leather Bag Tag-Unique Personalised Gift - Handmade Bag Charm - Pet Portrait - Dog Memorial - Leather fashion accessories,119.00
Black Snowboard Evolution Sticker,9.98
Sweatbands Custom personalized embroidered sweat bands headbands wristbands wrist Terry cloth moisture fabric athletic sports,7.99
Collector’s Edition Adam Window Pane Enamel Pin,40.00
"Black 100% Wool One Size Flat Cap, Peaky Blinders Hat, Hatsquare Baker Boy Hat, Men Winter Cap, Irish flat cap, Newsboy Cap, Men Scarf Set",20.00
Berry Cute - Knit Collar,55.00
Attache tétine personnalisée en double gaze brodé,10.87
custom patches setup fee non refundable,30.00
Pacifier chain with name handmade personalized,16.30
Everton Pin Badge - Farewell to Goodison 1892/ 2025,7.47
PRE-ORDER Winged Lapels | Hazbin Hotel Enamel Pins,20.00
"custom logo trucker hat, Embroidered trucker hat, SnapBack trucker hat, custom logo, embroidered logo cap, Personalized Hats, bulk hats, cap",10.72
"Toddler Hip Carrier, Winter Gift for New Mom, Velvet Cotton, Hold up to 20 kg, Light and Compact & Safety Tested",35.28
"Personalized Pacifier Clip, Baby shower Gift, Custom Soother Clip, Newborn Gift, Baby Binky Clip, Custom Dummy clip, Baby Pacifier Holder",3.68
Personalized Leather Keychain: 2 Characters Each Side - A Handcrafted Accessory made from Italian BUTTERO leather with embossed initials.,27.72
Custom Embroidery Patches setup fee,20.00
"Toddler baby hip sling carrier - Cotton, Hold up to 20 kg, Light and compact, Baby shower gift  for new mom, indigo",30.87
Mexican rebozo TUPIDO • white base and fringe • 100% cotton • handmade in Oaxaca,29.04
"Custom Pet Portrait Cufflinks, Customizable for 2 pets，Personalized Memorial Cuff Links, Father of the bride on Wedding Day, Gift For my Him",13.65
"Washed Daddy Hat, Embroidered Vintage Washed Hat, Gift for Husband or Dad",20.66
"Detachable Minimalist Neck Tie, Long Wedding Chiffon Scarf, Bridal Neck Narrow Scarf and Hair Bow, Wedding Veil Scarf, Chiffon Shawl Wrap",38.95
Pin Badge Club - 1 Month Subscription (non recurring),16.89
"Toddler sling carrier - Cotton, Hold up to 20 kg, Light and compact, Baby shower gift  for new mom",30.87
Tartan Scarf HENDERSON MODERN Clan Scarf Black Scarf Plain Patterned Tartan Scarf Winter Scarves,23.38
"Chemo Headwear Jersey Hat with Hairband for Hair Loss, Chemo Headwraps as Breast Cancer Gifts or a Comfortable Alternative To A Wig",10.40
PRE-ORDER Winged Lapels | Hazbin Hotel Enamel Pins,20.00
"photo keychain, cat keychain, cotton, custom keychain based on photo, gift for pet lovers, cat keychain, Valentine's Day gift, birthday gift",9.41
"Hemp Sun Hat - Plain Natural Hippie Festival Hat, Asatre Unisex Beach Sun Hat, Handmade in Nepal, Eco-friendly Hat, Straw Hat",23.00
Funny trucker hat // Drive Fast Eat Ass hat // Funny Women Or Mens Hat // nascar racing hat // unhinged inappropriate vintage style cap logo,18.74
"Set of 8 Turquoise colour Indian cotton Bandana Scarf,Foulard,Neckerchief,Necktie Face Mask,Hijab,Hand Made Gift for Mom,Dad,Wife,Husband,Gf",32.00
"Party Favors,Personalized heart-shaped sunglasses, bachelorette party bridal shower supplies,Personalized Sunglasses,Party Sunglasses,gift",7.92
Tommy Jeans Hilfiger Sew-on Brand Labels,8.70
Chaos Orb replica 3D printed| Path of Exile 2 inspired | Gaming room decor | Cosplay | Gift for fans,32.49
Adjustable or classic headband for cochlear implant and animal pattern prostheses for children Ear straps holding device,12.05
FCB - Fc Basel Sticker,10.35
Rush Order,108.72
Express Delivery,10.00
"custom embroidered patches , Custom logo Patches , Custom Iron On Patches ,Custom VELCRO Hook & Loop Patches ,Custom Sew on Patches",1.00
Master class “The lamb mat”,3.75
Stoma Belt Ostomy Support Belt Hernia Support Colostomy Belt Hernia Urostomy ileostomy Belt for Women and Men,77.96
"Thermal Windproof Waterproof Winter Gloves Touch Screen Warm Mittens Insulated, Waterproof and Touchscreen Compatible for Outdoor Activities",10.50
sauna hat sweat sauna cap sauna,23.91
LEAGUE OF LEGENDS Machine Herald Viktor Chibi Phone Charm Acrylic Keychain,11.00
"Black Agate Geode Cufflinks, Amethyst Druzy Tabasco Geodes. Black cufflinks, goth fashion for men, gothic wedding, cufflink collector, groom",48.75
Personalized Retro Name Acrylic Keychain,8.25
Howdy patch,13.00
"Western Floral Belt Buckle Cowboy Buckle Rodeo Floral Style Belt Buckle for Western Belt Country Men's and Woman's Belts 1 1/2"" Fits",18.75
"Stitch Valentine’s Day Ramo Buchon, Eternal Rose Bouquet, Plush Toy Bouquet, Handmade Bouquet, Ever Lasting Flower, Birthday Bouquet",55.00
"Custom Ultrasound Leather Keychain, Personalized Ultrasound Keychain, Bump keyring, Dad Birthday Gift from Bump, Dad to Be Gift for Husband",9.99
"mini figure Keychain, keyring, backpack charm kawaii gift for her unique character small gift maching keychain",8.21
Unisex Peruvian Alpaca Hat chullo with Earflaps 100% Lining Soft Fleece Lining Beanie hat alpaca chullo peruvian hat peru hat,30.99
4 Pieces Bugaboo Bee 3 Locking Handle Block Replacement Part Repair DIY Stroller,8.02
"Emerald Cufflink, 925 Sterling Silver Cufflinks for Man, 7x9mm Emerald cut Green Gemstone, Groom Wedding Jewelry men's Suit Accessories Gift",123.50
Canada Goose Black Badge,15.22
"Personalized Cufflinks, Custom Cufflinks for Groom Cufflink, Wedding Day Gift, Grooms man Gifts, Father's Day gift, Gift for Husband",13.65
"Baby hip carrier, Toddler sling, Gift for new mom, Organic Cotton, Hold up 20 kg, Easy to use, Lightweight, Comfortable, Safety tested",30.87
Personalized bamboo sponge elasticated nursery canteen towel/bib with or without pouch,4.35
Canada Goose Standard Badge,15.22
Custom for Laurie Veet,66.00
"SATIN LINED PRETIED Large Knot Headwrap, Stretchy Turban, Womens Hat, twist, Cap, covering, chemo gift, protective styling, wrap, alopecia",22.49
"Anti Fascist Button Pin, Grunge, Retro, Antifa Pin, Anti Nazi, Resist, Resistance, BLM, ACAB, Protest, MAGA Sheep, Trump, 45, Election 2024",2.50
"Floral Euro scrub cap for women, Summer surgical cap satin lined by Paradise Caps. Aqua Flora -print.",18.99
"Personalized Pacifier Clip With Engraved Baby Name,Custom Soother Holder,Baby Shower Gift Set,Cute Pacifier Chain,Newborn Birth Keepsake",4.99
PREORDER - Eggy San Plush,24.99
"Sterling Silver 925 St Christopher Keyring, Sterling Silver, Traveller Gift, Adventure Key fob, Keyring, Travel Gift, 24mm, Gift Boxed",57.18
Hand-painted Pet Leather Bag Tag-Unique Personalised Gift - Handmade Bag Charm - Pet Portrait - Dog Memorial - Leather fashion accessories,119.00
Pacifier chain with name | Pacifier chain personalized | Pacifier chain with name for girls and boys,18.38
Extra Oversize Wool Beret for Women (Fits for large head) | Large Beret | Beret for Large Noggin | Handcrafted Wool Hat | | Slouchy Beret,29.84
vintage assorted color beanies,35.99
Cuties! // Charm Keychains,14.13
"Attache tétine enfant, bébé, personnalisé, double gaze de coton, coeur, MAM",14.02
CUSTOM ORDER,76.10
Self-Adhesive Down Jacket Repair Patches - Black - for Down Jackets or Sleeping Bags - First Aid for Down Jackets,15.53
"SHINee ""Jjongeun"" JONGHYUN 5cm Plush Doll | Shawol Gift",19.50
"RacerX ""Off We Go"" 2025 Edition Hat - Red and Black",21.99
Batting Gloves - Harmony Custom Honeycomb Ultra - Players Version,35.00
5-20 Photos Custom Film Roll Keychain Gift - Personalized Photos Film Roll for Couples or Anniversary Gift!,11.08
navy men-s tie with hedgehog embroidered design cute by Frederick Thomas,28.59
"Black Leather Belt, Women's Waist Belt, Full-Grain Leather Made in Canada, Vachetta Leather, high waisted belt with circle buckle",46.58
Unisex Peruvian Alpaca Hat chullo with Earflaps 100% Lining Soft Fleece Lining Beanie hat alpaca chullo peruvian hat peru hat,30.99
Adjustable or classic headband for cochlear implant and animal pattern prostheses for children Ear straps holding device,12.05
"Custom Ultrasound Leather Keychain, Personalized Ultrasound Keychain, Bump keyring, Dad Birthday Gift from Bump, Dad to Be Gift for Husband",9.99
CART BLOCK for Analogue Pocket - not 3d printed - premium dust cover,14.99
MEDIUM package DHL guaranteed 2-5 business days shipping upgrade,32.62
"Personalized AirTag Holder, AirTag Leather Case, Christmas Gifts, Leather AirTag Holder, Custom, AirTag Keychain, Leather Keychain",8.99
100% Cotton classic Black and white Palestinian Kuffiyeh scarf with tassels made in Jordan Nice quality kuffiyeh Palestinian owned shop,18.90
Custom Handmade Belt - Engraved Leather Belt -Grooms Men Gift- Genuine Leather - Gift for Boyfriend - Anniversary Gift - Father's Day Gift,19.79
Personalized GLASSES CASE Sunglasses Holder Eyeglass Leather Carrying Pouch Custom Engraved Mothers Day Gifts for Mom Dad Him Her Men Women,34.99
House and Wilson You Are My Vicodin Keychain,6.00
4 Pieces Bugaboo Bee 3 Locking Handle Block Replacement Part Repair DIY Stroller,8.02
"Personalized Name Hat, Infant Baby Toddler Kids and Adult, Snapback",14.40
New York Knicks Wristlet Keychain/Sports Fan Christmas Gift Idea /Key Strap Holder/Stocking Stuffers Keychain Gift for Basketball Fans,5.00
Apres Ski Pom-Pom Beanie | Embroidered Apres Ski Beanie | Ski Beanie | Winter Beanie,26.00
"Rainbow Mountain Patch Embroidered DIY Iron-on/Sew-on Applique Clothing Vest Costume Jeans Denim Jacket, Nature, Forest, Snow Covered",4.87
"Grof gebreide wintermuts met pompon - Adventures warme muts, perfect voor buiten",27.13
sauna hat sweat sauna cap sauna,23.91
"Baby Sling, Toddler Carrier, Organic Cotton, Light and Stylish, Easy to Use, Holds Up to 20kg, Safety tested, Baby shower gift for new Mom",35.28
"Australian Made Earmuff Hat Wide Brim, Hearing Protector Compatible (Standard) by Newcastle Hats",39.12
ROTTMNT Enamel Pin || Future Leo Prosthetic LOOT DROP!,7.00
PO: Stardew Valley Bachelors Keychain | Double-sided | 3 in | Acrylic,12.00
Concho El Coqui Beanie Debi tirar mas fotos Embroidered bad bunny,22.50
Classic White Bitcoin Symbol Embroidered Design - Corduroy Hat,25.13
"Yellow - Cochlear Implant Heaband - Adjustable Length - Silicone Grip Sleeve - Non Slip Grip  - Unilateral, Bilateral, Bimodal option",18.50
Goose pin Valentine with one magnetic outfit,20.00
Rehab Inspired Temporary Tattoos - Realistic - FAST SHIPPING,19.48
"Unisex Peruvian Alpaca Hat chullo with Earflaps 100% Lining, Soft Fleece Lining Beanie hat, alpaca chullo peruvian hat, peru hat, alpaca hat",34.79
"Wool Cashmere Cotton Yarn Blend Triangle Scarf, Wool Small Scarf, Winter Bandana, Hand Knit Small Scarf, Cozy Neck Scarf, Christmas Gift",27.55
"Christmas Gift Personalized Scannable Music Keychain, Spotify plaque Anniversary Gift Valentines Day",8.24
"Mens Easy Rider Belt 1.5"" Wide with Skull Buckle Primary Chain Belt Old School",169.00
Flipped Black Golden Line Viejo Fedora Garcia Signature Hat,64.99
Orange Tie and Hanky Set: Wide & Skinny Tie | Burnt Orange Tie | Pocket square | Men's Christmas Gift UK | Orange Wedding Ties | Hank,2.33
"Space Filler Mini Pins! PREORDER || Space, Witchy, Kawaii, Enamel Pins, Fillers, Filler Pins || Cosmos, Space, Stars, Saturn, Witch Pins!",14.95
Cardboard Viking Helmet with Horns Template. DIY Printable Pattern for creating a Viking Helmet with Horns from corrugated cardboard,5.00
Silo - Wool - Duck Relic,44.00
"Oakley Sutro Lite Style Sunglasses - Polarized Sport Wraparound Shades for Cycling, Running, Outdoor Activities",34.99
Cuties! // Charm Keychains,14.13
Silver Aragorn's White Tree and Broken Sword Cufflink Elegant 925K Silver Cufflinks with Aragorn's Broken Sword & White Tree Design,71.19
Hero Rival PREORDER Keychains | Double sided,15.00
"Thermal Windproof Waterproof Winter Gloves Touch Screen Warm Mittens Insulated, Waterproof and Touchscreen Compatible for Outdoor Activities",10.50
"Newborn Crochet Pillow, Newborn Photo Pillow, Newborn Photography Props, Newborn Props Set, Newborn Posing Pillow, Newborn Knitted Pillow",30.00
Twin Peaks Lynch The Great Northern Hotel Keychain / Grand Hotel Room 315 / Keyring Keychain,12.72
"Detachable Minimalist Neck Tie, Long Wedding Chiffon Scarf, Bridal Neck Narrow Scarf and Hair Bow, Wedding Veil Scarf, Chiffon Shawl Wrap",38.95
"Make Your Own Money & Marry Someone Funny Embroidery Corduroy Hat, Soft Cotton Embroidered Dad Style Cap, Gift Idea, High Quality",35.35
"Maxi long skinny scarf in a jewel color-block check and floral print mix, 70s jewel tone sash belt, choker neck tie, genZ gift, hair wrap",47.00
"Arm warmers, fingerless gloves in light brown with velvet ruffle",20.11
"Superhero Badge Reels, Comic Clip, Avenger Retractable ID Holder, Spectacular Spidey Nostalgia, Guy Gal Lanyard",6.40
GLOSSGRL Keychain Cap for Lipgloss and Balm - Bubble Cap - Chap Cap - Chap Caddy - Lipgloss Holder,6.00
"Blackout MAGA Hat, Make America Great Again Embroidered Structured Flexfit Cap, Elon Musk Trump Rally Hat, Trump 2024, Musk Trump Gift",36.95
"Variety set of 4 hair clips | Perfect gift, fabric snap clips, Toddler hair clips, Baby Hair Clips, hair bows, heart hair clips",11.70
Scrub Hat - Easter - Bunny - Pink Floral,15.00
Make Germany Great AGAIN Zaberfeld Flag Embroidered Structured Twill Cap,32.82
Spiderman Game Keychain Gift Best Friends Keychains Spiderman Superhero Funny Keychains Matching Keychains Lover Keyring Couple Keychain Set,4.99
"mini figure Keychain, keyring, backpack charm kawaii gift for her unique character small gift maching keychain",8.21
5pcs Hat Leather Sweatbands for Fedoras,34.99
Lemming Stretch Beanie in 3 Sizes by Smart Babys,28.95
Glow in the dark add-on Pacifier clip seashell. For night time routine baby or toddler sleep. Great for a baby shower gift | MUSTGLOW,19.66
"Cufflinks made with Genuine Omega movements, Real Omega watch movement cufflinks, unique steampunk gift, vintage watch movements cuff links",91.32
Nursing Cover for Baby Breastfeeding & Pumping | Muslin Double Gauze | Breast Feeding Apron Shawl +  Car Seat Cover Neutral Colors christmas,38.06
"Original Kufiya from Palestine | Palestinian flag | Kuffeyeh, Kufiya, Hatta | handmade in Nablus",41.86
